Initiative,Problem,Evidence,Customer,Outcome,Revenue Effect,Effort,Dependency,Risk,KPI,Priority (1-100),Timeline
"Publish Chrome extension to Web Store","No browser distribution, cannot deliver core product","Extension code complete, not on store","CISO/IT","Chrome users can install, enable AI usage governance","Critical - unlocks entire browser segment","0.5 week","Chrome Web Store account","Rejection possible","Listed and installable","100","0-14 days"
"Publish VS Code extension to Marketplace","No IDE distribution","Extension code complete (17 modules)","Developer","VS Code users install, enable IDE AI security","Critical - unlocks developer segment","0.5 week","VS Code Marketplace account","Rejection possible","Listed and installable","98","0-14 days"
"Build pricing page + test checkout","Cannot convert free to paid","Razorpay code exists, not published","Business","Self-serve signup -> paid conversion","Direct - tiered revenue","1 week","Razorpay account","Checkout flow bugs","Active checkout -> payment","94","0-30 days"
"Write 10-min Docker quickstart","Self-hosting too complex for most","Docker config exists","Developer/DevOps","Time-to-value < 30 min","Enables adoption","0.5 week","Docker installed","","Published quickstart","84","0-14 days"
"Convert 3-5 design partners to paid pilots","Zero revenue, zero social proof","Product works, needs users","Indian SaaS founders","MRR > $0, first customer references","Critical - validates business model","4-8 weeks","Founder time","No-takers","3 paid pilots at $500/mo","81","30-90 days"
"Simplify self-hosted deployment (single script)","Docker+DB+Redis setup is too complex","Deployment files exist","DevOps","1-command deploy","Reduces activation friction","1-2 weeks","None","","Single deploy script","75","30-60 days"
"Redesign landing page","Current positioning is unfocused","README exists, brand unclear","All","Clear 1-sentence product story","Improves conversion","2 weeks","Design skills","","Above-fold clarity score","70","0-30 days"
"Commission independent benchmark","No third-party validation of detection claims","Self-benchmark exists","Enterprise buyer","Trust and credibility","Enables enterprise conversation","2-4 weeks + $5-15K","Auditor","Cost, schedule","Published independent results","60","60-120 days"
"Test SAML with Google Workspace","Enterprise SSO requirement","SAML routes exist, untested","Enterprise IT","Customers can SSO","Unlocks enterprise segment","1-2 weeks","Google Workspace admin","","Working SAML login","58","60-90 days"
"Add Sentry/Datadog monitoring","No production observability","Code works, no monitoring","Founder/DevOps","Know when things break","Reduces operational risk","1-2 weeks","Sentry/Datadog account","","Error tracking active","35","60-90 days"
"Agent security whitepaper","Buyers don't understand agent security need","Agent security code exists",CISO/Developer","Educate market, establish thought leadership","Pipeline generation","2 weeks","None","","Downloads/shares","28","60-90 days"
"Complete Python SDK","Python is #1 AI language, no SDK","JS SDK done, Python partial","Developer","Python developers can integrate","Developer adoption","2-4 weeks","None","","Published PyPI package","40","90-180 days"
"Apply for SOC2 Type I","Enterprise procurement blocker","Evidence vault exists","CISO","Meet enterprise compliance minimum","Critical enterprise requirement","3-6 months + $20K","Audit firm","Cost, effort","SOC2 report issued","38","180-360 days"
"Add load test results to docs","No scalability proof","Load test script exists","Enterprise buyer","Show capacity and latency","Trust signal","1 week","None","","Published results","30","60-90 days"
"Build usage governance dashboard UI","Current UI is basic","Governance engine works","CISO","Policy management UX","Reduces churn","2-4 weeks","Design/UX","","Usability score > 70","25","90-180 days"
"Slack/Teams integration","Security alerts to chat","Webhook system exists","CISO","Real-time alert delivery","Retention","2-4 weeks","Webhook system","","Integration working","18","Defer"
"SIEM integration (Splunk/Datadog)","Enterprise SIEM requirement","SIEM worker exists","SOC","Security event export","Enterprise requirement","4-8 weeks each","SIEM platform","","Tested with one SIEM","15","Defer"
"Go SDK","Go developer adoption","JS SDK done","Developer","SDK coverage","Low adoption impact","4-8 weeks","None","","Published Go module","12","Defer"
"Java SDK","Java developer adoption","JS SDK done","Developer","SDK coverage","Low adoption impact","4-8 weeks","None","","Published Maven package","10","Defer"
"Multi-region deployment","Data residency","No implementation","Enterprise","Local data storage","Enterprise requirement","4-8 weeks","Cloud infrastructure","Complexity","Working multi-region setup","10","Defer"
"Additional IDE extensions (Eclipse, Vim, etc.)","Cross-IDE coverage","Stubs exist","Developer","IDE ecosystem coverage","Low adoption impact","4-8 weeks each","Platform APIs","Maintenance burden","1 additional IDE","8","Defer"
"ML model scanner","Model supply chain security","Protect AI does this better","ML engineer","Model vulnerability scanning","Low differentiation","4-8 weeks","Model formats","Easily copied","","5","Defer - not worth building"
"Additional AI platform integrations","Ecosystem breadth","n8n done, Zapier partial","Developer","Workflow automation","Low incremental value","2-4 weeks each","Platform APIs","Maintenance","","5","Defer"